,t,o,h,l,c,v
0,1597791600000,2.09,4.44,2.0,3.1,6039881.97
1,1597795200000,3.1,3.14,2.9738,3.105,1554670.37
2,1597798800000,3.105,3.1299,3.0584,3.1063,813079.44
3,1597802400000,3.1082,3.1124,2.9,2.9628,1472769.86
4,1597806000000,2.9631,3.0032,2.64,2.885,1768853.6
5,1597809600000,2.885,3.068,2.811,2.9336,1328188.15
6,1597813200000,2.9334,3.0755,2.875,2.9255,798876.03
7,1597816800000,2.9255,3.04,2.9,3.0095,534111.7
8,1597820400000,3.0095,3.1999,2.9911,3.195,1717178.18
9,1597824000000,3.195,3.195,3.01,3.0362,682238.57
10,1597827600000,3.0361,3.13,3.0102,3.0401,473679.67
11,1597831200000,3.0497,3.09,2.9,3.0014,495485.4
12,1597834800000,3.0006,3.01,2.93,3.0,309270.07
13,1597838400000,3.0,3.0006,2.9,2.9897,429332.76
14,1597842000000,2.9898,3.0078,2.9011,2.9354,589033.02
15,1597845600000,2.9431,3.008,2.9353,2.9934,344814.45
16,1597849200000,2.9936,2.9936,2.94,2.9401,331131.03
17,1597852800000,2.9425,3.0298,2.9167,3.0002,358252.08
18,1597856400000,3.0002,3.0181,2.9505,2.982,180675.59
19,1597860000000,2.983,2.9956,2.7622,2.9,439835.25
20,1597863600000,2.9,2.9491,2.72,2.8027,392959.28
21,1597867200000,2.8027,2.9065,2.7918,2.8994,198732.77
22,1597870800000,2.8991,3.0078,2.8817,2.995,213537.92
23,1597874400000,2.9997,3.035,2.9333,2.9388,286635.99
24,1597878000000,2.9351,2.9868,2.9001,2.95,182433.74
25,1597881600000,2.9449,2.999,2.8594,2.8864,262916.69
26,1597885200000,2.8819,2.9199,2.85,2.9001,241812.63
27,1597888800000,2.9001,2.9105,2.72,2.7631,596815.47
28,1597892400000,2.7575,2.82,2.715,2.75,314506.9
29,1597896000000,2.75,2.8,2.7205,2.758,271646.39
30,1597899600000,2.7531,2.7744,2.6759,2.7344,291642.29
31,1597903200000,2.7345,2.7854,2.6833,2.7555,261773.52
32,1597906800000,2.7662,2.915,2.7662,2.835,394024.68
33,1597910400000,2.8311,2.8886,2.8038,2.8505,188996.27
34,1597914000000,2.8423,2.8965,2.8313,2.8488,172986.32
35,1597917600000,2.8454,2.86,2.7803,2.85,537375.77
36,1597921200000,2.8499,2.895,2.8441,2.8715,409575.36
37,1597924800000,2.8715,2.9398,2.85,2.8562,439185.79
38,1597928400000,2.8562,2.8827,2.8133,2.8342,230770.04
39,1597932000000,2.8351,2.8719,2.8,2.8709,302249.65
40,1597935600000,2.8707,3.03,2.8547,3.0117,832567.64
41,1597939200000,3.0072,3.1111,2.9835,3.0546,701312.17
42,1597942800000,3.0502,3.1,2.9901,3.0286,410177.89
43,1597946400000,3.0289,3.029,2.86,2.88,544690.31
44,1597950000000,2.8703,2.9169,2.82,2.8832,719112.74
45,1597953600000,2.8832,2.8925,2.81,2.815,399841.09
46,1597957200000,2.815,3.0,2.78,2.7946,553692.61
47,1597960800000,2.7987,2.8518,2.6,2.7733,1526847.73
48,1597964400000,2.7721,2.9147,2.77,2.9,436343.65
49,1597968000000,2.8978,2.924,2.8804,2.9049,267995.23
50,1597971600000,2.9089,2.957,2.9038,2.9409,353856.2
51,1597975200000,2.9408,2.95,2.6896,2.7091,919237.68
52,1597978800000,2.709,2.8584,2.6826,2.8303,472969.16
53,1597982400000,2.8407,2.89,2.7903,2.8321,465335.99
54,1597986000000,2.8336,2.899,2.8001,2.8641,248915.8
55,1597989600000,2.8679,2.9218,2.85,2.9075,599494.13
56,1597993200000,2.906,2.9512,2.8653,2.9512,349575.67
57,1597996800000,2.951,3.09,2.945,3.0451,780840.73
58,1598000400000,3.0401,3.0899,2.901,2.901,573826.41
59,1598004000000,2.901,3.0271,2.8967,3.0095,456671.15
60,1598007600000,3.0025,3.0199,2.84,2.8951,317167.35
61,1598011200000,2.8954,2.9696,2.8311,2.9593,286613.15
62,1598014800000,2.9593,2.9666,2.92,2.9302,257702.64
63,1598018400000,2.9302,2.9509,2.86,2.9367,405485.47
64,1598022000000,2.9367,2.9493,2.8671,2.9116,366741.49
65,1598025600000,2.9106,2.9385,2.8793,2.9335,160000.61
66,1598029200000,2.9325,2.9717,2.91,2.9375,176840.05
67,1598032800000,2.9347,3.0,2.89,3.0,372935.34
68,1598036400000,3.0,3.028,2.8441,2.9274,866974.62
69,1598040000000,2.9238,2.9882,2.8437,2.8922,368468.12
70,1598043600000,2.8987,2.933,2.86,2.8912,239905.21
71,1598047200000,2.8854,2.9128,2.82,2.8515,300320.34
72,1598050800000,2.8557,2.9092,2.8304,2.833,157281.2
73,1598054400000,2.8387,2.87,2.782,2.81,300185.74
74,1598058000000,2.81,2.8642,2.783,2.84,306438.46
75,1598061600000,2.84,2.87,2.82,2.8577,138519.7
76,1598065200000,2.8571,2.9486,2.852,2.9398,277529.92
77,1598068800000,2.9361,2.9421,2.8675,2.9133,245989.27
78,1598072400000,2.9102,2.96,2.8743,2.9301,243998.09
79,1598076000000,2.9354,2.9602,2.9015,2.9581,265596.79
80,1598079600000,2.9552,3.6868,2.9545,3.41,5083463.17
81,1598083200000,3.4122,3.82,3.211,3.8003,3649898.18
82,1598086800000,3.8188,4.019,3.602,3.8997,4129048.33
83,1598090400000,3.892,3.98,3.6363,3.82,2701590.43
84,1598094000000,3.82,3.86,3.65,3.8153,1431392.79
85,1598097600000,3.8205,3.85,3.501,3.6415,2522718.64
86,1598101200000,3.6414,4.0313,3.635,3.8149,2686263.2
87,1598104800000,3.8149,3.9353,3.6,3.8255,2871161.02
88,1598108400000,3.8241,3.8918,3.7395,3.8226,1145146.61
89,1598112000000,3.8226,4.0,3.7815,3.9901,1508906.34
90,1598115600000,3.9901,4.19,3.8496,4.1582,2345558.43
91,1598119200000,4.1646,4.3634,4.0921,4.2454,3002631.2
92,1598122800000,4.2454,4.3319,4.133,4.219,1150635.69
93,1598126400000,4.2197,4.2888,4.056,4.1,1086114.95
94,1598130000000,4.0982,4.3,3.9333,4.2717,1553619.38
95,1598133600000,4.2647,4.3,4.1092,4.2398,888151.71
96,1598137200000,4.2396,4.55,4.2392,4.4546,2076918.47
97,1598140800000,4.4756,4.4864,4.2468,4.2884,1435644.66
98,1598144400000,4.2825,4.4166,4.132,4.41,1100079.62
99,1598148000000,4.41,4.4133,4.21,4.3066,746797.18
100,1598151600000,4.31,4.3151,4.0202,4.1,1473303.08
101,1598155200000,4.1,4.26,4.0279,4.2522,717698.09
102,1598158800000,4.2599,4.2776,4.09,4.1473,579994.74
103,1598162400000,4.1473,4.1497,4.01,4.1386,811721.32
104,1598166000000,4.1386,4.2691,4.1102,4.2083,549976.39
105,1598169600000,4.2093,4.2255,4.1202,4.1262,583962.4
106,1598173200000,4.1335,4.1938,4.129,4.1778,501210.15
107,1598176800000,4.18,4.1833,3.8029,3.8891,2221928.19
108,1598180400000,3.9,3.9888,3.717,3.7399,1858100.57
109,1598184000000,3.7418,3.9319,3.7032,3.847,2241666.16
110,1598187600000,3.847,3.9736,3.8214,3.8441,1178728.39
111,1598191200000,3.838,3.9102,3.7802,3.8375,1116829.94
112,1598194800000,3.8456,3.9156,3.7185,3.91,1250089.02
113,1598198400000,3.91,3.9183,3.724,3.7803,964304.81
114,1598202000000,3.7809,3.888,3.75,3.7676,531725.61
115,1598205600000,3.7633,3.8862,3.7525,3.8363,398467.0
116,1598209200000,3.8437,4.1,3.8428,4.0318,745188.42
117,1598212800000,4.0431,4.1285,3.9468,3.983,606483.8
118,1598216400000,3.9807,4.0581,3.891,3.9104,802805.12
119,1598220000000,3.9105,3.9244,3.854,3.9206,436567.23
120,1598223600000,3.9206,4.1284,3.9206,3.9779,992037.76
121,1598227200000,3.9805,4.0198,3.865,3.94,617907.98
122,1598230800000,3.94,3.948,3.8,3.8211,617121.59
123,1598234400000,3.82,4.0,3.78,3.8782,1182038.33
124,1598238000000,3.8799,3.9573,3.8584,3.9471,389278.59
125,1598241600000,3.9471,4.0,3.8521,3.9992,611220.61
126,1598245200000,3.9992,4.0416,3.9253,3.969,812468.74
127,1598248800000,3.9688,4.14,3.9687,4.0586,973810.62
128,1598252400000,4.0584,4.1153,3.947,3.9634,1192036.92
129,1598256000000,3.9638,4.0312,3.9001,3.9321,765529.71
130,1598259600000,3.9321,4.076,3.9321,4.0464,734485.67
131,1598263200000,4.0466,4.1598,4.0225,4.079,1110537.2
132,1598266800000,4.079,4.1601,4.0174,4.1541,1018211.62
133,1598270400000,4.1541,4.3197,4.1,4.2718,1588536.7
134,1598274000000,4.2718,4.2785,4.169,4.2618,1175298.44
135,1598277600000,4.2613,4.29,4.1194,4.1656,985900.23
136,1598281200000,4.1628,4.2529,4.1,4.2105,732685.27
137,1598284800000,4.2105,4.3876,4.1755,4.3805,1217247.58
138,1598288400000,4.3829,4.4999,4.3,4.4251,2734044.43
139,1598292000000,4.4276,4.4276,4.275,4.2822,1016123.62
140,1598295600000,4.281,4.485,4.277,4.4499,775486.28
141,1598299200000,4.449,4.67,4.35,4.6609,1620862.78
142,1598302800000,4.6609,4.77,4.5964,4.7,1677260.3
143,1598306400000,4.6983,4.7983,4.5771,4.6918,1341622.22
144,1598310000000,4.6994,4.76,4.54,4.5759,954237.69
145,1598313600000,4.5759,4.6829,4.48,4.6161,925631.26
146,1598317200000,4.6129,4.88,4.5747,4.8665,1112429.22
147,1598320800000,4.8647,4.922,4.71,4.714,1848757.82
148,1598324400000,4.713,4.8935,4.6692,4.8275,1273827.46
149,1598328000000,4.8279,4.8686,4.7361,4.8544,963933.8
150,1598331600000,4.8514,4.9947,4.8433,4.8531,1826041.02
151,1598335200000,4.8589,4.87,4.68,4.7083,1715627.04
152,1598338800000,4.7116,4.848,4.57,4.7081,1698827.75
153,1598342400000,4.7108,4.7456,4.525,4.708,1321057.07
154,1598346000000,4.7092,4.7537,4.6356,4.6887,715213.19
155,1598349600000,4.6868,4.929,4.6834,4.8816,1000022.28
156,1598353200000,4.8824,4.98,4.7838,4.9248,1055523.44
157,1598356800000,4.9301,4.95,4.65,4.785,1929225.77
158,1598360400000,4.785,4.9109,4.7426,4.8292,1183383.89
159,1598364000000,4.8276,4.831,4.6188,4.7343,1523306.02
160,1598367600000,4.7343,4.81,4.655,4.7883,1087306.86
161,1598371200000,4.7895,5.35,4.77,5.1674,4833685.69
162,1598374800000,5.1921,5.4234,5.1,5.356,2681028.33
163,1598378400000,5.365,5.42,5.175,5.3174,1943921.07
164,1598382000000,5.3172,5.493,5.3095,5.399,1333265.81
165,1598385600000,5.399,5.6983,5.3147,5.6611,1847416.5
166,1598389200000,5.6611,5.77,5.3575,5.4118,2470103.88
167,1598392800000,5.4118,5.4794,5.26,5.3427,1881849.18
168,1598396400000,5.3514,5.5415,5.3357,5.5412,1285985.64
169,1598400000000,5.5412,5.6,5.3853,5.5005,1296857.04
170,1598403600000,5.5014,5.684,5.444,5.6762,1401349.0
171,1598407200000,5.6762,5.685,5.3125,5.3664,1480427.03
172,1598410800000,5.3664,5.5332,5.3622,5.4286,898156.44
173,1598414400000,5.4294,5.52,5.3982,5.4026,913499.55
174,1598418000000,5.4032,5.4861,5.3,5.3152,1047096.62
175,1598421600000,5.3152,5.3799,5.1866,5.2503,1380968.89
176,1598425200000,5.24,5.43,5.1015,5.3761,1729305.9
177,1598428800000,5.3751,5.5774,5.282,5.4759,1443467.32
178,1598432400000,5.4759,5.7432,5.4569,5.5607,1535176.01
179,1598436000000,5.5543,5.6256,5.4693,5.531,962088.59
180,1598439600000,5.5321,5.602,5.3423,5.421,912649.75
181,1598443200000,5.4255,5.549,5.3359,5.4052,1036603.16
182,1598446800000,5.4052,5.64,5.3966,5.5747,1243675.15
183,1598450400000,5.5747,6.0399,5.5555,5.9625,3204129.19
184,1598454000000,5.9634,6.35,5.9,6.3285,2976607.87
185,1598457600000,6.3285,6.57,6.1441,6.4015,3967384.84
186,1598461200000,6.4016,6.4726,6.2222,6.33,1880389.49
187,1598464800000,6.3285,6.4,6.182,6.3061,1267640.23
188,1598468400000,6.3061,6.4,6.2059,6.2886,920916.06
189,1598472000000,6.2886,6.4183,6.19,6.2565,1220458.55
190,1598475600000,6.2508,6.34,5.9,6.1062,2300043.07
191,1598479200000,6.1062,6.2627,5.81,5.8101,1420802.89
192,1598482800000,5.81,6.2009,5.8022,6.0708,1371827.1
193,1598486400000,6.0708,6.2902,6.0708,6.1431,1183294.57
194,1598490000000,6.1432,6.42,6.1431,6.2987,1037559.66
195,1598493600000,6.2816,6.2986,5.992,6.098,1272960.09
196,1598497200000,6.098,6.2625,6.0752,6.2498,648885.41
197,1598500800000,6.244,6.36,6.1011,6.15,729849.81
198,1598504400000,6.1411,6.2564,6.1047,6.1724,741255.37
199,1598508000000,6.1691,6.718,6.1541,6.7115,1958941.75
200,1598511600000,6.7115,6.8,6.5793,6.7049,2407061.05
201,1598515200000,6.7015,6.7044,6.27,6.2995,2117104.75
202,1598518800000,6.2991,6.4915,6.285,6.3901,1177011.02
203,1598522400000,6.3901,6.4008,5.82,6.09,4299412.32
204,1598526000000,6.09,6.0957,5.6055,5.7465,4067845.57
205,1598529600000,5.7465,5.988,5.6501,5.875,2495572.73
206,1598533200000,5.8781,6.33,5.8633,5.995,3022742.61
207,1598536800000,5.9935,6.0397,5.75,5.9675,2221338.97
208,1598540400000,5.9714,6.0479,5.791,5.8843,1148641.56
209,1598544000000,5.8843,5.8987,5.2762,5.402,4013924.43
210,1598547600000,5.3992,5.582,5.2001,5.5449,3036965.39
211,1598551200000,5.5449,5.699,5.4564,5.6873,1252670.43
212,1598554800000,5.6808,5.8,5.4916,5.5925,1464554.67
213,1598558400000,5.5918,5.7199,5.5139,5.6044,611252.74
214,1598562000000,5.6044,5.76,5.5871,5.7079,480891.93
215,1598565600000,5.7057,5.8159,5.57,5.5836,892068.21
216,1598569200000,5.5842,5.716,5.58,5.6547,344531.38
217,1598572800000,5.6569,5.9104,5.62,5.8632,846514.33
218,1598576400000,5.8652,6.1184,5.8059,5.9207,1694937.26
219,1598580000000,5.9226,6.0253,5.7905,5.7954,1312948.22
220,1598583600000,5.7908,5.9154,5.7408,5.9035,763272.9
221,1598587200000,5.9021,5.9521,5.8097,5.9051,905111.62
222,1598590800000,5.9048,5.93,5.811,5.8648,465774.37
223,1598594400000,5.8646,5.8702,5.608,5.6781,954740.3
224,1598598000000,5.6804,5.734,5.462,5.5,1455756.64
225,1598601600000,5.5,5.7162,5.4998,5.5826,841901.17
226,1598605200000,5.5826,5.7491,5.5753,5.7259,945626.03
227,1598608800000,5.7259,5.8534,5.6806,5.839,727089.44
228,1598612400000,5.8336,5.8368,5.6882,5.7313,583519.11
229,1598616000000,5.7312,5.9828,5.7053,5.8542,1066623.36
230,1598619600000,5.8591,6.024,5.8437,6.0011,1077491.22
231,1598623200000,6.008,6.17,5.9554,6.0487,1660397.57
232,1598626800000,6.0504,6.3202,6.0253,6.2494,2762159.18
233,1598630400000,6.2475,6.35,6.0545,6.0665,1557667.14
234,1598634000000,6.0668,6.2933,6.0646,6.16,1014198.0
235,1598637600000,6.16,6.2723,6.1463,6.1846,508320.82
236,1598641200000,6.1847,6.331,6.1754,6.3,709657.65
237,1598644800000,6.2959,6.3134,6.095,6.1482,656437.67
238,1598648400000,6.1482,6.2657,6.1061,6.245,383117.95
239,1598652000000,6.2426,6.2765,6.0731,6.1628,539316.68
240,1598655600000,6.1649,6.2303,5.98,6.1812,586594.0
241,1598659200000,6.1769,6.1984,6.0032,6.0519,460830.65
242,1598662800000,6.0498,6.1557,6.0498,6.0729,418971.72
243,1598666400000,6.0735,6.1808,6.035,6.17,424034.98
244,1598670000000,6.1681,6.215,6.153,6.16,334554.87
245,1598673600000,6.1602,6.1616,6.035,6.112,498067.65
246,1598677200000,6.1107,6.2,6.0792,6.1996,312111.44
247,1598680800000,6.1934,6.2139,6.1443,6.2041,451491.7
248,1598684400000,6.2034,6.4532,6.1732,6.3532,1205527.58
249,1598688000000,6.3538,6.4547,6.32,6.3932,775092.33
250,1598691600000,6.3946,6.556,6.3577,6.5187,1110114.7
251,1598695200000,6.5197,6.54,6.2661,6.3116,1197838.17
252,1598698800000,6.3115,6.3529,6.152,6.286,1066846.4
253,1598702400000,6.286,6.3465,6.1977,6.2653,560179.15
254,1598706000000,6.2604,6.3381,6.1653,6.1898,608529.82
255,1598709600000,6.1969,6.2871,6.17,6.26,740560.43
256,1598713200000,6.2549,6.38,6.2478,6.2852,780495.22
257,1598716800000,6.2883,6.51,6.2,6.3901,1391594.0
258,1598720400000,6.3887,6.4516,6.2946,6.3527,679789.3
259,1598724000000,6.351,6.4499,6.3485,6.4334,356099.89
260,1598727600000,6.4355,6.4389,6.2678,6.3322,401257.93
261,1598731200000,6.3333,6.3657,6.265,6.28,289313.42
262,1598734800000,6.2799,6.3798,6.2734,6.3366,167166.33
263,1598738400000,6.3368,6.3846,6.2314,6.2597,351526.74
264,1598742000000,6.2622,6.3156,6.074,6.1333,778450.54
265,1598745600000,6.1339,6.251,6.1336,6.1769,388658.63
266,1598749200000,6.1752,6.1752,6.05,6.1295,831903.73
267,1598752800000,6.1306,6.2039,6.122,6.1368,316999.95
268,1598756400000,6.1342,6.1935,5.9,6.015,1485171.36
269,1598760000000,6.0147,6.0164,5.889,5.9603,796398.31
270,1598763600000,5.9608,6.0454,5.9578,6.0288,398285.54
271,1598767200000,6.0287,6.1185,5.9307,5.961,561298.73
272,1598770800000,5.9609,6.03,5.928,5.9396,426600.38
273,1598774400000,5.9379,6.0588,5.9377,6.0098,528580.33
274,1598778000000,6.0098,6.1498,6.0041,6.0741,433368.39
275,1598781600000,6.075,6.0795,5.97,5.9827,328449.53
276,1598785200000,5.9827,6.1025,5.9827,6.0526,381086.13
277,1598788800000,6.0507,6.099,5.9639,5.9861,273141.99
278,1598792400000,5.9874,6.0703,5.8438,5.8919,761042.21
279,1598796000000,5.8914,5.9334,5.6999,5.8286,1486854.19
280,1598799600000,5.8285,5.8888,5.7813,5.7926,649724.49
281,1598803200000,5.8021,5.9919,5.7509,5.8931,669083.93
282,1598806800000,5.8929,6.0525,5.8907,6.0107,555643.91
283,1598810400000,6.0128,6.1095,5.9872,6.1073,354139.55
284,1598814000000,6.1049,6.12,5.94,5.98,422199.77
285,1598817600000,5.9846,6.0198,5.86,5.92,271933.38
286,1598821200000,5.92,5.9589,5.883,5.9589,200289.62
287,1598824800000,5.9587,6.0694,5.9502,5.957,328456.96
288,1598828400000,5.9573,6.0553,5.8428,5.8912,417224.9
289,1598832000000,5.8875,5.98,5.8649,5.8691,255333.3
290,1598835600000,5.873,5.963,5.8168,5.911,453815.47
291,1598839200000,5.9157,6.0384,5.9094,5.9982,308521.22
292,1598842800000,5.9999,6.0,5.89,5.9034,248388.38
293,1598846400000,5.9039,6.0333,5.8987,5.9615,368071.9
294,1598850000000,5.96,6.0195,5.9136,5.9477,261423.15
295,1598853600000,5.9453,5.9731,5.901,5.9316,230041.38
296,1598857200000,5.9331,5.9334,5.8189,5.8681,376163.67
297,1598860800000,5.8667,5.915,5.7541,5.7587,594225.91
298,1598864400000,5.7588,5.8801,5.7555,5.8315,520441.04
299,1598868000000,5.8336,5.9575,5.8306,5.8966,333171.35
300,1598871600000,5.899,5.9599,5.8637,5.9297,400876.59
301,1598875200000,5.9338,5.9411,5.855,5.8648,365931.38
302,1598878800000,5.8612,6.3367,5.8255,6.2738,1676942.65
303,1598882400000,6.2738,6.2973,6.1487,6.241,1256133.27
304,1598886000000,6.2409,6.4662,6.2,6.3424,1725008.86
305,1598889600000,6.3448,6.454,6.2872,6.3861,1119402.29
306,1598893200000,6.3857,6.3922,6.215,6.3512,903248.27
307,1598896800000,6.3513,6.361,6.2349,6.2878,314396.86
308,1598900400000,6.2828,6.3451,6.182,6.1996,305782.21
309,1598904000000,6.1983,6.2051,6.0973,6.1338,448910.52
310,1598907600000,6.1379,6.1959,6.0999,6.1667,333962.92
311,1598911200000,6.1672,6.2891,6.1201,6.2398,417617.05
312,1598914800000,6.2352,6.349,6.2341,6.2718,346238.07
313,1598918400000,6.2712,6.28,6.12,6.2,423027.25
314,1598922000000,6.2,6.2914,6.1946,6.2096,320349.16
315,1598925600000,6.2048,6.3099,6.1753,6.3097,272896.81
316,1598929200000,6.3082,6.678,6.2912,6.5607,2031393.27
317,1598932800000,6.5607,6.5896,6.46,6.46,735904.22
318,1598936400000,6.4602,6.5538,6.3985,6.5504,477502.7
319,1598940000000,6.5519,6.8619,6.4683,6.7348,1598395.11
320,1598943600000,6.7477,6.84,6.6555,6.7338,1056866.12
321,1598947200000,6.7349,6.77,6.616,6.7,568665.88
322,1598950800000,6.7002,6.7634,6.55,6.6418,626778.69
323,1598954400000,6.6419,6.6419,6.5149,6.5679,626675.62
324,1598958000000,6.5679,6.5725,6.2,6.375,1179370.7
325,1598961600000,6.3751,6.4828,6.2774,6.37,717192.57
326,1598965200000,6.37,6.45,6.3173,6.4085,528004.92
327,1598968800000,6.4085,6.62,6.33,6.57,659755.34
328,1598972400000,6.5656,6.604,6.2886,6.3404,1082804.64
329,1598976000000,6.3404,6.3978,6.1822,6.287,1103139.89
330,1598979600000,6.2849,6.4188,6.2691,6.4162,371749.36
331,1598983200000,6.4179,6.457,6.3325,6.3325,337094.48
332,1598986800000,6.3351,6.3823,6.244,6.2793,286007.8
333,1598990400000,6.2805,6.2838,6.2,6.2601,357608.05
334,1598994000000,6.2574,6.3661,6.24,6.3651,307164.53
335,1598997600000,6.3647,6.3647,6.2292,6.2292,331873.63
336,1599001200000,6.2313,6.323,6.2,6.239,330044.08
337,1599004800000,6.24,6.4472,6.2221,6.3749,563403.99
338,1599008400000,6.3688,6.3763,6.26,6.2964,255166.36
339,1599012000000,6.2934,6.3524,6.2756,6.311,247078.79
340,1599015600000,6.3129,6.3792,6.22,6.2398,494403.82
341,1599019200000,6.2398,6.2605,6.1133,6.1981,697534.68
342,1599022800000,6.1981,6.2986,6.1704,6.2701,436178.64
343,1599026400000,6.2725,6.303,6.17,6.2309,454067.93
344,1599030000000,6.2309,6.2346,6.1723,6.1845,305669.18
345,1599033600000,6.1799,6.2492,6.05,6.1304,928099.38
346,1599037200000,6.1238,6.1998,6.1048,6.1755,300370.64
347,1599040800000,6.1755,6.1783,5.8217,5.8799,1306637.0
348,1599044400000,5.8808,5.98,5.58,5.9395,2261338.1
349,1599048000000,5.9368,6.109,5.9,5.9955,1267668.52
350,1599051600000,5.9936,6.0799,5.88,5.9366,737120.2
351,1599055200000,5.9341,5.9634,5.79,5.8498,791366.03
352,1599058800000,5.8461,5.96,5.8363,5.8831,511997.25
353,1599062400000,5.8831,5.9,5.65,5.7799,766388.42
354,1599066000000,5.7779,5.9589,5.7778,5.9571,489825.47
355,1599069600000,5.9524,5.98,5.8209,5.9234,522211.82
356,1599073200000,5.9234,6.0021,5.8914,6.0021,290555.43
357,1599076800000,6.0032,6.0048,5.9209,5.9708,264346.73
358,1599080400000,5.9718,6.0603,5.9536,6.0591,323849.28
359,1599084000000,6.0609,6.3,6.0578,6.2127,896745.3
360,1599087600000,6.2158,6.2723,6.11,6.1374,388477.08
361,1599091200000,6.1375,6.231,6.1031,6.15,513641.2
362,1599094800000,6.1539,6.2661,6.1427,6.2514,319498.6
363,1599098400000,6.252,6.2681,6.1891,6.2262,340048.1
364,1599102000000,6.2287,6.2533,6.0706,6.1105,380578.33
365,1599105600000,6.1108,6.2,5.903,5.9567,774585.2
366,1599109200000,5.9499,6.04,5.864,5.925,728162.68
367,1599112800000,5.93,5.9861,5.7979,5.8754,497148.48
368,1599116400000,5.8791,6.0966,5.779,6.0533,602662.2
369,1599120000000,6.053,6.07,5.9285,5.9975,359444.86
370,1599123600000,6.0002,6.1571,5.96,6.0515,419449.01
371,1599127200000,6.0514,6.0966,5.77,5.8287,832860.88
372,1599130800000,5.8302,5.9187,5.7456,5.7918,515441.37
373,1599134400000,5.7855,5.8771,5.5471,5.8654,1983562.68
374,1599138000000,5.8656,6.2,5.7976,6.1249,1695984.3
375,1599141600000,6.1291,6.3325,6.0656,6.156,1986535.17
376,1599145200000,6.159,6.2,5.8402,6.1191,2029815.91
377,1599148800000,6.1149,6.3,6.0574,6.1613,1483318.47
378,1599152400000,6.1647,6.295,6.111,6.2103,1139050.63
379,1599156000000,6.2115,6.2345,6.0673,6.1089,507290.97
380,1599159600000,6.109,6.118,5.95,6.0625,827820.33
381,1599163200000,6.0673,6.1301,6.0297,6.0431,377127.08
382,1599166800000,6.0365,6.068,5.9185,6.06,581701.8
383,1599170400000,6.06,6.06,5.8,5.8863,654933.31
384,1599174000000,5.8871,5.9382,5.62,5.6743,1689205.95
385,1599177600000,5.6743,5.9423,5.6728,5.8475,1058494.14
386,1599181200000,5.8474,5.99,5.8359,5.8469,685626.8
387,1599184800000,5.8538,5.87,5.7,5.8633,1091283.35
388,1599188400000,5.8619,5.8897,5.7351,5.8197,457210.13
389,1599192000000,5.819,5.9,5.7905,5.8551,548423.87
390,1599195600000,5.8515,5.8625,5.72,5.8,492560.84
391,1599199200000,5.7952,5.86,5.7,5.7071,522112.5
392,1599202800000,5.7002,5.7057,5.0,5.2894,3242593.8
393,1599206400000,5.2895,5.5418,5.2725,5.3493,2639884.21
394,1599210000000,5.3493,5.4528,5.2344,5.3986,2402425.17
395,1599213600000,5.396,5.57,5.3634,5.4275,1732920.68
396,1599217200000,5.4298,5.4298,5.2,5.3117,800990.13
397,1599220800000,5.3117,5.32,5.1445,5.293,822152.09
398,1599224400000,5.3,5.37,5.1207,5.1207,779266.35
399,1599228000000,5.1281,5.1802,4.5,4.908,3770093.66
400,1599231600000,4.908,4.9608,4.703,4.9434,1613204.74
401,1599235200000,4.9431,5.0586,4.75,5.0096,1164240.2
402,1599238800000,5.0096,5.05,4.9273,4.9853,471577.91
403,1599242400000,4.982,5.1692,4.8793,5.1384,700905.9
404,1599246000000,5.1354,5.3682,5.0527,5.3156,1171616.03
405,1599249600000,5.3162,5.3399,5.2268,5.2913,387262.37
406,1599253200000,5.2946,5.45,5.2501,5.2876,743110.65
407,1599256800000,5.2905,5.3744,5.138,5.1852,649455.85
408,1599260400000,5.1888,5.2153,5.0544,5.1019,367439.02
409,1599264000000,5.0987,5.3147,5.0858,5.2316,431229.76
410,1599267600000,5.232,5.2349,5.0718,5.1277,500919.71
411,1599271200000,5.1277,5.2075,5.1021,5.1097,449849.36
412,1599274800000,5.1119,5.1557,5.026,5.0693,437176.89
413,1599278400000,5.0637,5.1425,5.03,5.0705,297366.99
414,1599282000000,5.0721,5.1157,4.9735,4.9797,362291.23
415,1599285600000,4.9729,5.1029,4.8121,4.9682,1028288.32
416,1599289200000,4.9646,5.1093,4.9475,5.0027,575029.16
417,1599292800000,5.0063,5.01,4.7,4.7672,1169946.52
418,1599296400000,4.7703,4.8421,4.6108,4.6192,1195668.62
419,1599300000000,4.6172,4.7113,4.4485,4.4485,1494226.22
420,1599303600000,4.4485,4.648,4.29,4.5948,2407019.83
421,1599307200000,4.5943,4.62,4.3,4.3375,1820125.38
422,1599310800000,4.3337,4.6511,4.317,4.58,2492930.36
423,1599314400000,4.58,4.748,4.5043,4.6278,1001879.48
424,1599318000000,4.6278,4.6837,4.5452,4.6122,1809414.77
425,1599321600000,4.6123,4.6859,4.3103,4.4921,1319844.78
426,1599325200000,4.4875,4.5609,4.062,4.1467,2143284.43
427,1599328800000,4.1479,4.214,3.5321,3.8964,4521712.56
428,1599332400000,3.8995,4.08,3.55,3.9458,2738854.48
429,1599336000000,3.9481,4.1888,3.815,4.1317,1536885.01
430,1599339600000,4.1304,4.308,4.0701,4.1998,1020721.34
431,1599343200000,4.1999,4.3,3.8921,3.9188,1172597.55
432,1599346800000,3.916,4.1744,3.87,4.1456,864039.56
433,1599350400000,4.1456,4.2776,4.0812,4.1087,815745.25
434,1599354000000,4.1083,4.1149,3.879,3.8902,804982.84
435,1599357600000,3.8913,4.0057,3.79,3.9713,983343.62
436,1599361200000,3.9716,4.0339,3.88,3.8832,593291.22
437,1599364800000,3.8833,3.98,3.8194,3.8647,1115380.73
438,1599368400000,3.8604,4.0,3.7298,3.9632,897013.17
439,1599372000000,3.9656,4.1598,3.9055,4.09,731886.14
440,1599375600000,4.09,4.43,4.01,4.3956,1500301.58
441,1599379200000,4.4001,4.56,4.28,4.4725,1884963.52
442,1599382800000,4.4758,4.5887,4.3587,4.4247,1226593.8
443,1599386400000,4.4274,4.5239,4.2692,4.5036,991665.33
444,1599390000000,4.499,4.8394,4.4213,4.7951,1408253.5
445,1599393600000,4.7945,4.912,4.61,4.6384,1833604.92
446,1599397200000,4.6384,4.79,4.5262,4.7,1221356.21
447,1599400800000,4.7,4.7558,4.433,4.5899,1209435.09
448,1599404400000,4.5904,4.6811,4.4001,4.5475,1450037.17
449,1599408000000,4.5475,4.78,4.45,4.73,864045.58
450,1599411600000,4.7299,4.7489,4.56,4.6765,520629.97
451,1599415200000,4.6765,4.7573,4.5828,4.7452,547326.56
452,1599418800000,4.7459,4.8052,4.65,4.7521,716775.95
453,1599422400000,4.7594,4.86,4.7301,4.8113,555776.42
454,1599426000000,4.8143,4.921,4.75,4.827,758904.24
455,1599429600000,4.823,4.8503,4.63,4.7185,681118.86
456,1599433200000,4.7244,4.8662,4.7,4.784,296262.87
457,1599436800000,4.7849,4.8367,4.692,4.702,422654.44
458,1599440400000,4.7021,4.7749,4.7,4.7489,229874.39
459,1599444000000,4.749,4.75,4.5329,4.5482,643707.91
460,1599447600000,4.5454,4.6206,4.5094,4.5688,659137.33
461,1599451200000,4.5653,4.5975,4.37,4.4753,755554.73
462,1599454800000,4.4709,4.5254,4.3226,4.3624,1145042.95
463,1599458400000,4.3569,4.4442,4.328,4.3596,551200.44
464,1599462000000,4.3582,4.6,4.3114,4.47,595005.34
465,1599465600000,4.4643,4.5795,4.43,4.447,604469.33
466,1599469200000,4.447,4.48,4.3699,4.38,462787.54
467,1599472800000,4.38,4.4179,4.279,4.2988,495104.41
468,1599476400000,4.3002,4.4394,4.171,4.217,1520421.18
469,1599480000000,4.2191,4.2692,4.001,4.1167,1750113.52
470,1599483600000,4.1167,4.4094,4.0371,4.38,1531589.49
471,1599487200000,4.3841,4.3968,4.2544,4.29,600324.3
472,1599490800000,4.2899,4.53,4.2562,4.4455,810352.95
473,1599494400000,4.4449,4.59,4.426,4.4799,713027.86
474,1599498000000,4.4751,4.5097,4.402,4.48,296469.81
475,1599501600000,4.4801,4.5398,4.41,4.4178,303690.56
476,1599505200000,4.4151,4.4895,4.3279,4.35,370321.6
477,1599508800000,4.3474,4.3883,4.2925,4.3748,288102.86
478,1599512400000,4.3744,4.4454,4.3482,4.3865,269028.96
479,1599516000000,4.3855,4.65,4.3855,4.6089,649061.42
480,1599519600000,4.6079,4.662,4.575,4.5944,422570.5
481,1599523200000,4.5967,4.6339,4.49,4.5085,628936.05
482,1599526800000,4.5046,4.5515,4.4667,4.4712,335395.89
483,1599530400000,4.4792,4.55,4.47,4.513,194785.04
484,1599534000000,4.5127,4.6148,4.5047,4.5401,363569.38
485,1599537600000,4.5401,4.581,4.4336,4.4618,247488.06
486,1599541200000,4.4679,4.4846,4.37,4.4063,447363.53
487,1599544800000,4.399,4.5034,4.3769,4.4894,289829.64
488,1599548400000,4.4894,4.4976,4.4154,4.4364,292855.58
489,1599552000000,4.4297,4.49,4.305,4.3606,561922.59
490,1599555600000,4.3606,4.3641,4.1521,4.1739,639147.54
491,1599559200000,4.1738,4.2856,4.135,4.2532,661105.7
492,1599562800000,4.2537,4.2946,4.155,4.2401,604213.46
493,1599566400000,4.2401,4.326,4.2,4.28,501507.38
494,1599570000000,4.28,4.304,4.141,4.2222,849528.35
495,1599573600000,4.2201,4.42,4.2063,4.3706,900730.34
496,1599577200000,4.3678,4.405,4.3011,4.3208,397909.76
497,1599580800000,4.3217,4.4,4.3,4.3989,264143.31
498,1599584400000,4.3989,4.3989,4.322,4.3774,214049.57
499,1599588000000,4.3816,4.39,4.2219,4.2701,385103.6
500,1599591600000,4.2681,4.3156,4.2109,4.2109,358747.67
501,1599595200000,4.2148,4.2908,4.2116,4.2378,194046.33
502,1599598800000,4.2357,4.2575,4.1862,4.2403,230250.64
503,1599602400000,4.2452,4.27,4.1067,4.238,616313.88
504,1599606000000,4.238,4.32,4.2375,4.2787,270803.41
505,1599609600000,4.2657,4.36,4.229,4.3039,428167.37
506,1599613200000,4.3039,4.3045,4.255,4.2833,172990.78
507,1599616800000,4.2832,4.2849,4.077,4.164,618878.87
508,1599620400000,4.164,4.2,4.1413,4.1759,374365.38
509,1599624000000,4.1757,4.3165,4.163,4.236,317798.57
510,1599627600000,4.2376,4.3026,4.2301,4.2577,285863.28
511,1599631200000,4.2582,4.2842,4.188,4.2203,183531.03
512,1599634800000,4.2234,4.3448,4.2234,4.3272,242779.4
513,1599638400000,4.3276,4.35,4.2658,4.2881,293920.77
514,1599642000000,4.2853,4.4559,4.2803,4.423,647388.35
515,1599645600000,4.423,4.4416,4.3254,4.3805,416077.36
516,1599649200000,4.3824,4.4899,4.3824,4.4417,644334.56
517,1599652800000,4.4462,4.4947,4.4,4.4199,566879.72
518,1599656400000,4.4166,4.5,4.4166,4.439,404355.99
519,1599660000000,4.438,4.59,4.4118,4.5557,801083.3
520,1599663600000,4.5556,4.6964,4.5556,4.6964,1101473.9
521,1599667200000,4.6932,4.7935,4.5848,4.7021,1113302.79
522,1599670800000,4.7026,4.7382,4.6423,4.72,338507.34
523,1599674400000,4.7206,4.765,4.664,4.7011,374378.19
524,1599678000000,4.705,4.7277,4.5772,4.6108,714810.7
525,1599681600000,4.6101,4.6621,4.6101,4.6251,239389.74
526,1599685200000,4.6252,4.7,4.6047,4.6467,216624.55
527,1599688800000,4.6462,4.7888,4.6306,4.7819,297958.75
528,1599692400000,4.7817,4.787,4.6632,4.7003,431115.45
529,1599696000000,4.7003,4.8375,4.695,4.7855,627378.93
530,1599699600000,4.7856,4.8894,4.7359,4.8258,490923.72
531,1599703200000,4.8258,4.852,4.7583,4.7588,342219.84
532,1599706800000,4.7623,4.82,4.7238,4.8121,314533.56
533,1599710400000,4.81,4.8189,4.7308,4.7912,353730.29
534,1599714000000,4.793,4.818,4.6701,4.6701,430125.65
535,1599717600000,4.6705,4.7162,4.6166,4.6473,386976.71
536,1599721200000,4.6419,4.6752,4.52,4.5855,645133.85
537,1599724800000,4.5843,4.6238,4.55,4.56,397674.38
538,1599728400000,4.5641,4.6574,4.5456,4.6079,361994.16
539,1599732000000,4.6073,4.7187,4.6073,4.6352,273758.29
540,1599735600000,4.6376,4.7194,4.5926,4.6985,188732.64
541,1599739200000,4.698,4.745,4.6778,4.7148,512682.99
542,1599742800000,4.7147,4.775,4.7055,4.7548,585193.0
543,1599746400000,4.7597,4.7698,4.562,4.5839,781879.21
544,1599750000000,4.5863,4.647,4.5565,4.6325,262745.8
545,1599753600000,4.6325,4.6432,4.4603,4.4926,825557.77
546,1599757200000,4.4931,4.5537,4.4866,4.527,291985.44
547,1599760800000,4.5253,4.5447,4.4308,4.4994,391841.63
548,1599764400000,4.5,4.5176,4.46,4.4716,280956.21
549,1599768000000,4.4693,4.5488,4.45,4.526,367838.79
550,1599771600000,4.5245,4.6465,4.5012,4.5892,325792.86
551,1599775200000,4.5887,4.6,4.5255,4.5656,234609.32
552,1599778800000,4.5691,4.5923,4.502,4.5796,238127.03
553,1599782400000,4.5781,4.6109,4.536,4.536,255170.47
554,1599786000000,4.54,4.5472,4.421,4.4779,486550.11
555,1599789600000,4.4779,4.4842,4.3668,4.4044,602433.0
556,1599793200000,4.4051,4.4299,4.31,4.3377,452564.61
557,1599796800000,4.3309,4.4055,4.3166,4.3718,287893.22
558,1599800400000,4.3754,4.4525,4.3435,4.4426,624888.21
559,1599804000000,4.4426,4.4446,4.3721,4.3866,337369.8
560,1599807600000,4.3903,4.432,4.3477,4.3752,202358.36
561,1599811200000,4.3748,4.4624,4.3695,4.425,237718.61
562,1599814800000,4.4253,4.4717,4.422,4.4542,241940.53
563,1599818400000,4.4584,4.4593,4.3943,4.4151,251612.04
564,1599822000000,4.413,4.4309,4.37,4.3852,163141.62
565,1599825600000,4.3825,4.4481,4.3812,4.4451,320185.75
566,1599829200000,4.4432,4.4564,4.4085,4.4416,218561.67
567,1599832800000,4.436,4.5268,4.41,4.525,297664.71
568,1599836400000,4.525,4.75,4.519,4.63,1713582.03
569,1599840000000,4.63,4.6558,4.5641,4.5728,408785.85
570,1599843600000,4.5729,4.5849,4.4653,4.5118,783561.53
571,1599847200000,4.511,4.5343,4.5,4.5172,174500.13
572,1599850800000,4.5189,4.544,4.4774,4.5282,145248.24
573,1599854400000,4.5305,4.5503,4.5147,4.5378,161697.73
574,1599858000000,4.5353,4.5514,4.5025,4.5408,111591.69
575,1599861600000,4.541,4.6517,4.5378,4.6294,278061.28
576,1599865200000,4.6291,4.6498,4.542,4.6498,255923.99
577,1599868800000,4.6433,4.6662,4.5588,4.588,257920.61
578,1599872400000,4.5875,4.6343,4.5767,4.6077,158319.05
579,1599876000000,4.6067,4.613,4.516,4.5363,165351.77
580,1599879600000,4.5395,4.5579,4.4998,4.5123,284820.46
581,1599883200000,4.5141,4.5632,4.5032,4.5458,182168.65
582,1599886800000,4.546,4.5724,4.51,4.5304,168043.32
583,1599890400000,4.5332,4.5554,4.5095,4.5211,202372.42
584,1599894000000,4.5166,4.5906,4.5028,4.5517,365548.23
585,1599897600000,4.5486,4.5543,4.515,4.5453,155041.26
586,1599901200000,4.5453,4.649,4.5328,4.6448,469704.29
587,1599904800000,4.6415,4.72,4.6145,4.6447,673567.83
588,1599908400000,4.6456,4.725,4.6314,4.6941,386610.89
589,1599912000000,4.6941,4.7166,4.6158,4.649,390280.33
590,1599915600000,4.655,4.6942,4.59,4.6352,422889.73
591,1599919200000,4.6351,4.7644,4.5989,4.7597,566425.09
592,1599922800000,4.7514,4.7968,4.7248,4.739,566808.3
593,1599926400000,4.7416,4.96,4.71,4.9272,1021626.69
594,1599930000000,4.9272,5.2353,4.8568,5.115,2355900.26
595,1599933600000,5.115,5.19,5.0759,5.1009,1022733.46
596,1599937200000,5.1008,5.2447,5.0886,5.1964,739626.82
597,1599940800000,5.1964,5.22,5.08,5.1117,611501.33
598,1599944400000,5.1148,5.2142,5.0869,5.2142,340543.48
599,1599948000000,5.2143,5.296,5.1235,5.1543,613154.0
600,1599951600000,5.1501,5.163,5.0603,5.1385,445099.91
601,1599955200000,5.1379,5.25,5.0711,5.241,660566.68
602,1599958800000,5.2408,5.2482,5.1412,5.19,486940.14
603,1599962400000,5.19,5.23,5.1575,5.2103,337528.82
604,1599966000000,5.2103,5.39,5.122,5.3596,845147.22
605,1599969600000,5.3596,5.39,5.2506,5.3049,705996.31
606,1599973200000,5.3049,5.3678,5.2771,5.3265,401344.73
607,1599976800000,5.3321,5.4771,5.3217,5.4335,735107.19
608,1599980400000,5.433,5.437,5.3231,5.3726,576458.72
609,1599984000000,5.3726,5.4047,5.2347,5.3,732784.4
610,1599987600000,5.2996,5.3305,5.15,5.1847,518226.18
611,1599991200000,5.1832,5.2474,5.0724,5.153,1043483.57
612,1599994800000,5.1501,5.22,5.02,5.0549,829335.48
613,1599998400000,5.0512,5.1284,4.975,5.0314,903352.39
614,1600002000000,5.0317,5.1238,5.0,5.1173,605004.71
615,1600005600000,5.1156,5.2,5.0492,5.15,639073.9
616,1600009200000,5.1488,5.1995,5.0598,5.1089,562630.36
617,1600012800000,5.1038,5.1237,4.8501,4.88,1620432.91
618,1600016400000,4.88,4.9285,4.7668,4.9209,1315849.13
619,1600020000000,4.921,4.9267,4.8532,4.8597,334105.12
620,1600023600000,4.861,5.0713,4.847,5.0017,443921.28
621,1600027200000,5.0051,5.0489,4.9222,4.9848,380075.99
622,1600030800000,4.9848,5.05,4.8899,4.9764,420030.79
623,1600034400000,4.9768,5.1466,4.9768,5.1389,407396.18
624,1600038000000,5.138,5.3517,5.0937,5.3213,757853.54
625,1600041600000,5.3198,5.3291,5.0911,5.126,685607.26
626,1600045200000,5.1282,5.3342,5.1262,5.2998,629903.0
627,1600048800000,5.2953,5.415,5.2591,5.3466,708834.13
628,1600052400000,5.3482,5.38,5.2713,5.2803,574582.2
629,1600056000000,5.2803,5.282,5.1709,5.2088,565792.54
630,1600059600000,5.208,5.2508,5.1424,5.1823,426899.8
631,1600063200000,5.1854,5.22,5.133,5.1644,427738.12
632,1600066800000,5.1605,5.306,5.1447,5.2991,365231.8
633,1600070400000,5.2992,5.3067,5.18,5.201,623019.94
634,1600074000000,5.201,5.2303,5.17,5.2085,294884.12
635,1600077600000,5.2053,5.26,5.1783,5.2108,227217.15
636,1600081200000,5.2136,5.3268,5.1886,5.2933,369585.82
637,1600084800000,5.2911,5.35,5.2518,5.3499,483086.52
638,1600088400000,5.3499,5.4449,5.2928,5.3881,1103800.41
639,1600092000000,5.39,5.5101,5.3154,5.4193,1458911.68
640,1600095600000,5.4226,5.5761,5.4008,5.5016,1002384.42
641,1600099200000,5.4996,5.5533,5.3778,5.446,1031994.75
642,1600102800000,5.4461,5.461,5.3865,5.3981,564442.03
643,1600106400000,5.3987,5.4031,5.284,5.4017,580197.56
644,1600110000000,5.4025,5.4444,5.3911,5.4308,383506.29
645,1600113600000,5.4288,5.433,5.3296,5.3824,423657.52
646,1600117200000,5.3851,5.4429,5.37,5.4429,276253.29
647,1600120800000,5.4428,5.4836,5.33,5.3655,716473.35
648,1600124400000,5.3644,5.3851,5.2922,5.3555,364005.9
649,1600128000000,5.3597,5.4399,5.3473,5.3687,360519.1
650,1600131600000,5.3641,5.3734,5.2901,5.3071,402100.07
651,1600135200000,5.3067,5.3899,5.2219,5.3077,602667.15
652,1600138800000,5.3121,5.3267,5.2276,5.232,257256.68
653,1600142400000,5.2315,5.2827,5.2109,5.2488,222886.72
654,1600146000000,5.2488,5.266,5.206,5.2144,267844.17
655,1600149600000,5.2145,5.2517,5.1513,5.2491,452210.62
656,1600153200000,5.2504,5.3199,5.2394,5.2873,315468.17
657,1600156800000,5.2854,5.3102,5.1618,5.2045,360653.21
658,1600160400000,5.203,5.2992,5.1735,5.2951,219310.88
659,1600164000000,5.295,5.4369,5.2649,5.4156,696899.89
660,1600167600000,5.4187,5.45,5.3079,5.3602,685176.07
661,1600171200000,5.3607,5.4038,5.3449,5.3591,445520.96
662,1600174800000,5.3575,5.3763,5.2787,5.2843,596997.53
663,1600178400000,5.2896,5.3279,5.186,5.2062,844388.63
664,1600182000000,5.2105,5.2821,5.1972,5.24,616641.92
665,1600185600000,5.2386,5.2852,5.19,5.2461,483485.82
666,1600189200000,5.2459,5.2905,5.2096,5.2684,353898.12
667,1600192800000,5.2727,5.2942,5.1643,5.2006,335515.87
668,1600196400000,5.2032,5.2195,5.11,5.1211,364514.66
669,1600200000000,5.1211,5.1631,5.1072,5.1523,317880.71
670,1600203600000,5.1541,5.1591,5.095,5.1575,192351.89
671,1600207200000,5.1574,5.2028,5.1217,5.1355,269011.76
672,1600210800000,5.1366,5.1506,5.012,5.0535,643244.61
673,1600214400000,5.0535,5.0562,4.9578,4.9827,1069435.63
674,1600218000000,4.9818,5.148,4.9766,5.1428,258222.27
675,1600221600000,5.1415,5.1421,5.0158,5.0643,259436.81
676,1600225200000,5.0643,5.0903,5.0121,5.0569,261147.26
677,1600228800000,5.0582,5.1249,5.0,5.1011,404025.75
678,1600232400000,5.1005,5.1873,5.0956,5.1509,357542.55
679,1600236000000,5.1517,5.2373,5.1408,5.2265,300953.56
680,1600239600000,5.2268,5.251,5.1645,5.2423,349924.23
681,1600243200000,5.2411,5.28,5.1917,5.2056,282328.13
682,1600246800000,5.2024,5.2097,5.1469,5.1767,197070.36
683,1600250400000,5.1766,5.22,5.1276,5.1366,446468.31
684,1600254000000,5.1366,5.1819,5.0864,5.1763,373636.09
685,1600257600000,5.18,5.2024,5.1115,5.1574,387422.85
686,1600261200000,5.1574,5.1695,5.0431,5.0799,412901.38
687,1600264800000,5.0799,5.1159,5.0217,5.047,281947.29
688,1600268400000,5.0498,5.175,5.038,5.1307,536209.68
689,1600272000000,5.1311,5.1639,5.0483,5.0946,347604.67
690,1600275600000,5.0967,5.1096,5.0,5.0707,432611.8
691,1600279200000,5.0707,5.0708,4.9877,5.0115,350268.02
692,1600282800000,5.0117,5.0448,4.99,5.013,229202.1
693,1600286400000,5.013,5.0379,4.9909,5.0174,145207.88
694,1600290000000,5.0172,5.0889,5.0081,5.0771,111569.75
695,1600293600000,5.0761,5.1138,5.0481,5.1125,156371.26
696,1600297200000,5.1125,5.1294,5.0544,5.0712,151210.52
697,1600300800000,5.0739,5.25,5.043,5.2197,819404.67
698,1600304400000,5.2166,5.4,5.2061,5.2759,746953.03
699,1600308000000,5.2721,5.2757,5.1962,5.2222,434243.22
700,1600311600000,5.2203,5.232,5.158,5.195,299854.79
701,1600315200000,5.1955,5.2829,5.1876,5.239,368260.31
702,1600318800000,5.239,5.2951,5.2233,5.2508,184556.93
703,1600322400000,5.2508,5.2586,5.1564,5.1679,363148.19
704,1600326000000,5.1679,5.209,5.107,5.1205,433475.51
705,1600329600000,5.1204,5.1988,5.1204,5.1477,318055.13
706,1600333200000,5.1471,5.1915,5.1417,5.1884,294142.48
707,1600336800000,5.1879,5.1915,5.045,5.1596,1132030.09
708,1600340400000,5.1605,5.1862,5.1089,5.1845,245170.12
709,1600344000000,5.1846,5.1846,5.1219,5.1271,275610.82
710,1600347600000,5.1294,5.1815,5.0968,5.172,362994.61
711,1600351200000,5.1737,5.253,5.1629,5.2426,441072.91
712,1600354800000,5.241,5.37,5.24,5.3633,1085252.33
713,1600358400000,5.3633,5.3871,5.2836,5.3125,580157.3
714,1600362000000,5.3106,5.3436,5.2897,5.3245,288130.91
715,1600365600000,5.3239,5.4261,5.3227,5.376,825042.75
716,1600369200000,5.3761,5.3824,5.2819,5.3312,318303.19
717,1600372800000,5.3313,5.3642,5.2577,5.2997,509314.4
718,1600376400000,5.3031,5.323,5.2,5.2971,302790.46
719,1600380000000,5.2967,5.3095,5.2563,5.2733,147705.04
720,1600383600000,5.2762,5.3495,5.2762,5.3354,198330.14
721,1600387200000,5.3313,5.3483,5.285,5.2924,214503.08
722,1600390800000,5.2944,5.3023,5.2283,5.2894,247740.34
723,1600394400000,5.2901,5.331,5.2833,5.2923,230002.95
724,1600398000000,5.2969,5.3115,5.2652,5.311,157897.03
725,1600401600000,5.31,5.3115,5.2514,5.27,300532.03
726,1600405200000,5.2698,5.287,5.2644,5.279,109920.58
727,1600408800000,5.2778,5.328,5.2431,5.31,309870.83
728,1600412400000,5.3101,5.3145,5.276,5.2904,199601.12
729,1600416000000,5.2959,5.3822,5.2747,5.3697,340962.63
730,1600419600000,5.3721,5.455,5.3533,5.3766,710973.44
731,1600423200000,5.3766,5.3972,5.3099,5.322,263670.13
732,1600426800000,5.3224,5.3472,5.2946,5.2991,233806.78
733,1600430400000,5.2991,5.326,5.26,5.3178,292928.77
734,1600434000000,5.3196,5.3199,5.2212,5.2493,520598.29
735,1600437600000,5.2493,5.285,5.2305,5.2381,210032.82
736,1600441200000,5.2377,5.2399,5.1164,5.1345,739165.33
737,1600444800000,5.1364,5.2269,5.13,5.22,596442.37
738,1600448400000,5.2187,5.2262,5.1265,5.1498,332769.13
739,1600452000000,5.1483,5.18,5.0998,5.1333,336778.54
740,1600455600000,5.1312,5.1615,5.1133,5.1413,158406.46
741,1600459200000,5.1413,5.2,5.0939,5.1784,224132.85
742,1600462800000,5.1764,5.2164,5.1761,5.2032,86820.87
743,1600466400000,5.2043,5.294,5.1948,5.2495,203964.7
744,1600470000000,5.2502,5.2803,5.1623,5.2616,220380.49
745,1600473600000,5.2595,5.264,5.1989,5.207,113980.09
746,1600477200000,5.2116,5.2147,5.172,5.1873,124826.09
747,1600480800000,5.1868,5.2048,5.174,5.1957,104540.17
748,1600484400000,5.1956,5.25,5.1956,5.2251,157937.35
749,1600488000000,5.225,5.2291,5.1728,5.1878,109791.34
750,1600491600000,5.1891,5.1906,5.1209,5.137,213279.69
751,1600495200000,5.1377,5.1787,5.1301,5.165,82726.8
752,1600498800000,5.163,5.166,5.0958,5.0958,115311.01
753,1600502400000,5.0958,5.1591,5.0926,5.1448,230111.23
754,1600506000000,5.1406,5.1517,5.093,5.0959,218432.91
755,1600509600000,5.0958,5.1424,5.0954,5.1407,94143.92
756,1600513200000,5.1422,5.2,5.13,5.1945,248186.86
757,1600516800000,5.1977,5.21,5.1498,5.1634,216728.61
758,1600520400000,5.1655,5.199,5.1547,5.1712,159538.58
759,1600524000000,5.169,5.1733,5.1,5.1234,210755.79
760,1600527600000,5.1229,5.125,5.0862,5.1129,287060.18
761,1600531200000,5.1135,5.1199,5.0266,5.0407,411469.28
762,1600534800000,5.0408,5.066,4.9966,5.005,291466.51
763,1600538400000,5.0072,5.0073,4.8168,4.9451,1213113.46
764,1600542000000,4.9435,4.9589,4.9066,4.9499,125952.69
765,1600545600000,4.9479,4.9826,4.9184,4.9735,150476.51
766,1600549200000,4.9734,4.9966,4.7862,4.8335,802625.9
767,1600552800000,4.8335,4.9058,4.8286,4.8838,292995.63
768,1600556400000,4.8802,4.926,4.8667,4.924,148966.84
769,1600560000000,4.9205,4.9412,4.8233,4.9045,328927.52
770,1600563600000,4.9045,4.9051,4.8583,4.885,259000.23
771,1600567200000,4.8836,4.9412,4.8752,4.8944,194933.71
772,1600570800000,4.8939,4.949,4.8871,4.9176,104689.54
773,1600574400000,4.9176,4.9707,4.8652,4.9621,188370.63
774,1600578000000,4.9597,4.9616,4.8966,4.9211,83974.38
775,1600581600000,4.9169,4.9209,4.8752,4.8891,110534.97
776,1600585200000,4.889,4.9383,4.8803,4.9081,178552.41
777,1600588800000,4.9086,4.9144,4.872,4.8869,96110.85
778,1600592400000,4.8869,4.8898,4.8329,4.8775,179706.35
779,1600596000000,4.8776,4.8795,4.8046,4.8633,293824.52
780,1600599600000,4.8616,4.8748,4.8507,4.8555,116005.83
781,1600603200000,4.8551,4.8592,4.7506,4.7701,559249.4
782,1600606800000,4.7654,4.7735,4.5841,4.6849,2398018.97
783,1600610400000,4.6827,4.6842,4.6257,4.6314,399872.87
784,1600614000000,4.6309,4.6669,4.5865,4.5865,570479.43
785,1600617600000,4.5891,4.5895,4.3715,4.5444,2535174.0
786,1600621200000,4.5461,4.6215,4.5216,4.6124,423462.04
787,1600624800000,4.6107,4.7014,4.61,4.7014,384982.26
788,1600628400000,4.6985,4.7025,4.6304,4.6445,220891.38
789,1600632000000,4.6452,4.6515,4.5224,4.524,456153.49
790,1600635600000,4.5224,4.6061,4.4928,4.5492,516499.52
791,1600639200000,4.5484,4.6283,4.4622,4.6273,462004.65
792,1600642800000,4.6277,4.6903,4.6012,4.6518,339008.82
793,1600646400000,4.656,4.6791,4.6013,4.6411,364037.56
794,1600650000000,4.6449,4.6969,4.6358,4.6408,181681.08
795,1600653600000,4.6399,4.6619,4.5714,4.5931,189417.32
796,1600657200000,4.597,4.6564,4.577,4.6469,237513.83
797,1600660800000,4.6466,4.6539,4.5769,4.5857,146067.78
798,1600664400000,4.5857,4.622,4.5716,4.6169,121917.99
799,1600668000000,4.6204,4.6697,4.6159,4.6287,240634.67
800,1600671600000,4.6289,4.6333,4.5756,4.5811,132442.13
801,1600675200000,4.5811,4.5915,4.3029,4.346,2359343.36
802,1600678800000,4.3481,4.4157,4.05,4.1233,2817168.09
803,1600682400000,4.1158,4.2472,4.0802,4.242,1539871.8
804,1600686000000,4.2445,4.2794,4.1039,4.2101,1094040.75
805,1600689600000,4.2086,4.2212,4.0037,4.1353,1340272.39
806,1600693200000,4.1323,4.1944,4.098,4.1322,830494.69
807,1600696800000,4.1312,4.1453,3.91,4.0491,1711284.76
808,1600700400000,4.0459,4.1068,4.0222,4.0285,680512.07
809,1600704000000,4.0276,4.0785,3.92,4.0147,1188900.89
810,1600707600000,4.0145,4.0376,3.9525,4.0071,683244.03
811,1600711200000,4.0067,4.1066,3.9952,4.08,600514.99
812,1600714800000,4.08,4.1431,4.0726,4.14,559320.11
813,1600718400000,4.1384,4.2148,4.1262,4.158,483809.83
814,1600722000000,4.1607,4.2123,4.1192,4.2028,219841.07
815,1600725600000,4.2027,4.2056,4.0784,4.088,284489.19
816,1600729200000,4.089,4.1292,4.0547,4.0691,242213.63
817,1600732800000,4.07,4.1581,4.0135,4.0956,543387.22
818,1600736400000,4.1009,4.1113,4.0417,4.0607,278298.43
819,1600740000000,4.0609,4.1399,4.0608,4.108,202598.19
820,1600743600000,4.1079,4.1281,4.0894,4.1047,136179.68
821,1600747200000,4.1082,4.163,4.0857,4.09,452904.97
822,1600750800000,4.0899,4.1069,4.048,4.0786,355247.56
823,1600754400000,4.077,4.1186,3.9621,3.9847,446608.5
824,1600758000000,3.9871,4.0446,3.9,3.9164,876715.9
825,1600761600000,3.9151,4.0198,3.9151,4.0194,581469.13
826,1600765200000,4.0195,4.0362,3.9802,4.0207,236505.77
827,1600768800000,4.0223,4.0593,4.0037,4.0494,326716.34
828,1600772400000,4.0485,4.0759,4.0024,4.0228,300270.97
829,1600776000000,4.0197,4.1374,3.9719,4.1348,434192.47
830,1600779600000,4.1372,4.1713,4.0915,4.0959,384988.78
831,1600783200000,4.0959,4.1485,4.0677,4.0878,402032.06
832,1600786800000,4.0836,4.1259,4.0517,4.1094,344803.76
833,1600790400000,4.111,4.1859,4.111,4.123,428176.46
834,1600794000000,4.1232,4.1998,4.1044,4.1959,281845.88
835,1600797600000,4.1992,4.2054,4.1574,4.1663,235851.29
836,1600801200000,4.1663,4.17,4.1208,4.1485,134807.89
837,1600804800000,4.146,4.18,4.1082,4.1689,210318.94
838,1600808400000,4.1705,4.2103,4.1194,4.2091,191772.3
839,1600812000000,4.2083,4.21,4.1638,4.1723,105192.02
840,1600815600000,4.1698,4.19,4.1348,4.1625,132563.77
841,1600819200000,4.1623,4.1908,4.1428,4.1831,229278.73
842,1600822800000,4.1833,4.2062,4.175,4.1874,97357.2
843,1600826400000,4.1887,4.1972,4.1685,4.1733,76774.21
844,1600830000000,4.1751,4.1761,4.0566,4.083,438150.11
845,1600833600000,4.0822,4.1342,4.0447,4.0557,365561.85
846,1600837200000,4.0551,4.1166,4.0158,4.0882,316803.09
847,1600840800000,4.086,4.0863,3.9965,4.0189,426133.01
848,1600844400000,4.0177,4.0544,3.9501,4.0503,674415.25
849,1600848000000,4.0524,4.0991,4.012,4.071,257253.68
850,1600851600000,4.0701,4.1162,4.0508,4.0989,198114.29
851,1600855200000,4.0998,4.1204,4.06,4.0962,189363.14
852,1600858800000,4.0962,4.2,4.0653,4.138,545268.97
853,1600862400000,4.1379,4.2989,4.1212,4.277,926034.16
854,1600866000000,4.2775,4.3241,4.222,4.264,633348.73
855,1600869600000,4.2642,4.2744,4.174,4.1898,597872.92
856,1600873200000,4.1893,4.2373,4.17,4.1843,327114.84
857,1600876800000,4.1812,4.2367,4.175,4.2095,215429.09
858,1600880400000,4.207,4.2587,4.1784,4.1858,318369.75
859,1600884000000,4.1813,4.1813,4.0465,4.0521,543222.75
860,1600887600000,4.0514,4.0831,3.9848,4.0172,761726.84
861,1600891200000,4.0163,4.0675,3.94,4.0525,481579.01
862,1600894800000,4.0562,4.12,4.0235,4.07,270028.34
863,1600898400000,4.0683,4.116,4.06,4.09,202321.4
864,1600902000000,4.09,4.09,3.9529,4.0077,341095.65
865,1600905600000,4.0128,4.1057,3.9616,4.0765,365957.88
866,1600909200000,4.0765,4.107,4.0528,4.0568,265598.61
867,1600912800000,4.0549,4.1,4.0214,4.0439,248397.6
868,1600916400000,4.0435,4.1047,4.0429,4.08,129491.51
869,1600920000000,4.0776,4.15,4.0691,4.0761,223620.1
870,1600923600000,4.0775,4.1498,4.0746,4.1307,290965.42
871,1600927200000,4.13,4.2,4.121,4.1473,349979.86
872,1600930800000,4.1499,4.2276,4.1473,4.2153,330987.72
873,1600934400000,4.2116,4.224,4.1051,4.1094,290839.98
874,1600938000000,4.1104,4.2061,4.0788,4.2016,348116.15
875,1600941600000,4.2015,4.2513,4.1773,4.2343,291405.94
876,1600945200000,4.2343,4.2823,4.2212,4.245,399797.85
877,1600948800000,4.2457,4.2946,4.205,4.2267,449919.91
878,1600952400000,4.2298,4.2453,4.16,4.2395,486816.26
879,1600956000000,4.2402,4.274,4.18,4.241,440066.4
880,1600959600000,4.2418,4.2925,4.2205,4.2815,285027.1
881,1600963200000,4.2813,4.4333,4.2725,4.4296,960525.81
882,1600966800000,4.4331,4.4461,4.37,4.388,492628.09
883,1600970400000,4.3899,4.4151,4.35,4.3692,391781.01
884,1600974000000,4.3692,4.406,4.3515,4.4004,201648.36
885,1600977600000,4.4003,4.418,4.3384,4.3948,322073.25
886,1600981200000,4.3955,4.411,4.3606,4.3717,186721.17
887,1600984800000,4.371,4.49,4.367,4.445,339319.01
888,1600988400000,4.4453,4.4555,4.3782,4.3782,272282.03
889,1600992000000,4.3784,4.3985,4.3235,4.344,355148.42
890,1600995600000,4.344,4.4029,4.3388,4.344,268424.54
891,1600999200000,4.342,4.3741,4.3108,4.3381,253613.75
892,1601002800000,4.3364,4.3835,4.3057,4.3112,217526.91
893,1601006400000,4.3115,4.3466,4.2973,4.3002,148796.88
894,1601010000000,4.2995,4.3217,4.2756,4.2793,131584.0
895,1601013600000,4.2757,4.319,4.2501,4.3145,280519.42
896,1601017200000,4.3162,4.368,4.3047,4.3222,267288.79
897,1601020800000,4.3222,4.3285,4.241,4.2714,253363.29
898,1601024400000,4.2698,4.318,4.2477,4.2755,249252.54
899,1601028000000,4.2759,4.3094,4.2664,4.2921,202919.24
900,1601031600000,4.293,4.3184,4.2561,4.3087,274466.11
901,1601035200000,4.3082,4.3897,4.3055,4.3623,418953.3
902,1601038800000,4.3623,4.3855,4.31,4.3159,207511.5
903,1601042400000,4.3124,4.3697,4.255,4.3423,447809.65
904,1601046000000,4.3415,4.4042,4.3135,4.403,464190.9
905,1601049600000,4.4005,4.4132,4.3623,4.3949,256248.49
906,1601053200000,4.3977,4.49,4.3918,4.4689,393072.38
907,1601056800000,4.4724,4.5299,4.463,4.5039,442455.54
908,1601060400000,4.5045,4.522,4.4501,4.4762,199937.14
909,1601064000000,4.4778,4.5111,4.4409,4.446,260879.64
910,1601067600000,4.447,4.4606,4.4253,4.4589,179040.39
911,1601071200000,4.4589,4.4591,4.3693,4.3865,316856.83
912,1601074800000,4.3865,4.4198,4.3647,4.4139,176632.43
913,1601078400000,4.4139,4.4627,4.3733,4.3819,194405.56
914,1601082000000,4.3819,4.432,4.3718,4.4015,150493.24
915,1601085600000,4.4036,4.4183,4.38,4.3942,104613.26
916,1601089200000,4.395,4.408,4.3782,4.3978,95459.07
917,1601092800000,4.4014,4.408,4.3682,4.3935,107979.48
918,1601096400000,4.3924,4.4819,4.3902,4.4305,233668.47
919,1601100000000,4.4299,4.4674,4.4177,4.4299,150690.17
920,1601103600000,4.4299,4.4382,4.3846,4.393,162081.52
921,1601107200000,4.395,4.4418,4.3891,4.4016,126527.48
922,1601110800000,4.4007,4.4202,4.3871,4.4026,89725.54
923,1601114400000,4.4015,4.4026,4.3376,4.3733,193803.79
924,1601118000000,4.3728,4.3733,4.33,4.3366,187577.39
925,1601121600000,4.3367,4.3367,4.2527,4.2644,346016.18
926,1601125200000,4.2645,4.2955,4.224,4.2371,334052.06
927,1601128800000,4.2362,4.312,4.2251,4.2783,267106.39
928,1601132400000,4.2784,4.3341,4.2764,4.2996,127371.94
929,1601136000000,4.2997,4.3171,4.2603,4.3017,206052.8
930,1601139600000,4.3026,4.3049,4.2728,4.283,97069.82
931,1601143200000,4.2838,4.3062,4.2372,4.2619,179847.1
932,1601146800000,4.2621,4.2918,4.2322,4.2873,80735.76
933,1601150400000,4.2832,4.31,4.2832,4.2976,104816.08
934,1601154000000,4.2994,4.3521,4.2946,4.3044,156980.77
935,1601157600000,4.3008,4.3621,4.2785,4.3369,136298.84
936,1601161200000,4.3362,4.3479,4.3209,4.3308,57503.35
937,1601164800000,4.3329,4.3552,4.311,4.3535,78148.71
938,1601168400000,4.3535,4.3641,4.2995,4.308,151559.02
939,1601172000000,4.308,4.3235,4.2852,4.3136,174235.43
940,1601175600000,4.3137,4.3242,4.2959,4.3104,94780.63
941,1601179200000,4.3114,4.3539,4.2947,4.3503,187002.24
942,1601182800000,4.3533,4.3567,4.319,4.3427,101259.39
943,1601186400000,4.3454,4.3555,4.2574,4.2646,311388.28
944,1601190000000,4.2643,4.2794,4.2378,4.2614,247830.95
945,1601193600000,4.2545,4.2569,4.1631,4.1923,394061.54
946,1601197200000,4.1857,4.203,4.1523,4.1712,178916.55
947,1601200800000,4.1705,4.205,4.1391,4.1679,205893.99
948,1601204400000,4.1714,4.1894,4.1542,4.1542,39092.65
949,1601208000000,4.155,4.2,4.1152,4.1898,187088.76
950,1601211600000,4.1879,4.21,4.1752,4.1952,107467.03
951,1601215200000,4.1941,4.2097,4.174,4.1998,135257.96
952,1601218800000,4.1997,4.265,4.1729,4.2451,169687.27
953,1601222400000,4.2446,4.2607,4.1903,4.2028,164837.7
954,1601226000000,4.2073,4.2194,4.185,4.2055,82940.26
955,1601229600000,4.2085,4.239,4.175,4.1889,105316.23
956,1601233200000,4.1876,4.2241,4.1788,4.1971,126973.43
957,1601236800000,4.1972,4.2064,4.185,4.1966,86882.66
958,1601240400000,4.2004,4.2172,4.1775,4.1843,80134.55
959,1601244000000,4.1891,4.24,4.1891,4.2248,154842.39
960,1601247600000,4.2255,4.3281,4.2166,4.2962,248729.53
961,1601251200000,4.2999,4.3338,4.2933,4.3135,330115.21
962,1601254800000,4.3172,4.3459,4.304,4.3242,176351.31
963,1601258400000,4.3254,4.3284,4.2717,4.2982,216313.52
964,1601262000000,4.2997,4.3343,4.274,4.3273,182390.01
965,1601265600000,4.3329,4.344,4.3051,4.3054,107287.84
966,1601269200000,4.3056,4.3626,4.3,4.3437,367933.93
967,1601272800000,4.3455,4.3469,4.2874,4.2895,235414.6
968,1601276400000,4.2874,4.29,4.2474,4.2677,165744.86
969,1601280000000,4.2683,4.3103,4.265,4.2756,109353.48
970,1601283600000,4.2756,4.2914,4.2622,4.279,82248.38
971,1601287200000,4.2825,4.5399,4.2686,4.4871,1665888.86
972,1601290800000,4.4858,4.5139,4.437,4.4996,610548.95
973,1601294400000,4.5002,4.55,4.4288,4.4765,1292687.01
974,1601298000000,4.4723,4.5089,4.4539,4.5,313151.54
975,1601301600000,4.4996,4.576,4.492,4.5274,637318.32
976,1601305200000,4.5261,4.5939,4.4726,4.5019,639664.52
977,1601308800000,4.5055,4.589,4.5041,4.5212,705347.57
978,1601312400000,4.5212,4.5473,4.475,4.4921,214608.42
979,1601316000000,4.4891,4.4898,4.46,4.4679,140540.31
980,1601319600000,4.4675,4.5227,4.4636,4.5227,213407.14
981,1601323200000,4.5226,4.529,4.4826,4.4861,69622.31
982,1601326800000,4.4851,4.4851,4.4271,4.4518,160070.11
983,1601330400000,4.4506,4.4619,4.4183,4.4256,111614.2
984,1601334000000,4.4306,4.485,4.3057,4.4501,1088294.41
985,1601337600000,4.45,4.592,4.408,4.5739,710146.32
986,1601341200000,4.5744,4.6112,4.4948,4.5043,725537.63
987,1601344800000,4.5076,4.5205,4.464,4.4839,209058.26
988,1601348400000,4.4859,4.59,4.47,4.5482,527860.96
989,1601352000000,4.5482,4.5949,4.524,4.55,309672.01
990,1601355600000,4.5528,4.5555,4.4905,4.4933,281014.84
991,1601359200000,4.4957,4.5402,4.4612,4.5366,371928.37
992,1601362800000,4.5373,4.5388,4.447,4.4664,357898.49
993,1601366400000,4.463,4.5414,4.4594,4.5187,210149.66
994,1601370000000,4.5187,4.5439,4.4669,4.483,292346.48
995,1601373600000,4.483,4.5569,4.4788,4.5385,309010.07
996,1601377200000,4.5426,4.5523,4.331,4.5111,344989.77
997,1601380800000,4.509,4.5145,4.331,4.4653,1057265.37
998,1601384400000,4.4648,4.4648,4.3963,4.4384,386969.48
999,1601388000000,4.4398,4.4657,4.4073,4.4227,142450.73
